<?xml version="1.0" encoding="UTF-8"?>
<!DOCTYPE mbean PUBLIC "-//JBoss//DTD JBOSS XMBEAN 1.0//EN" "http://www.jboss.org/j2ee/dtd/jboss_xmbean_1_0.dtd">

<mbean>
  <descriptors>
    <persistence/>
  </descriptors>
  <class>org.jacorb.notification.filter.etcl.ETCLFilter</class>

  <!--attributes-->
  <attribute access="read-only" getMethod="getLastUsage">

    <description>last usage = invoke match operation</description>
    <name>LastUsage</name>
    <type>java.util.Date</type>
    <descriptors>
      <persistence/>

    </descriptors>
  </attribute>
  <attribute access="read-only" getMethod="getCreationDate">

    <description>date this filter was created</description>
    <name>CreationDate</name>
    <type>java.util.Date</type>
    <descriptors>
      <persistence/>

    </descriptors>
  </attribute>
  <attribute access="read-only" getMethod="getMatchCount">

    <description>number of match invocations on this filter</description>
    <name>MatchCount</name>
    <type>long</type>
    <descriptors>
      <persistence/>

    </descriptors>
  </attribute>
  <attribute access="read-only" getMethod="getMatchStructuredCount">

    <description>number of match_structured invocations on this filter</description>
    <name>MatchStructuredCount</name>
    <type>long</type>
    <descriptors>
      <persistence/>

    </descriptors>
  </attribute>
  <attribute access="read-only" getMethod="getMatchTypedCount">

    <description>number of match_typed invocations on this filter</description>
    <name>MatchTypedCount</name>
    <type>long</type>
    <descriptors>
      <persistence/>

    </descriptors>
  </attribute>

<!--artificial attributes-->

<!--operations -->
  <operation impact="ACTION">
    <description>Destroy this Filter</description>
    <name>destroy</name>
    <return-type>void</return-type>
    <descriptors>
    </descriptors>
  </operation>
  <operation impact="INFO">
    <description>List all Constraints</description>
    <name>listContraints</name>
    <return-type>java.lang.String</return-type>
    <descriptors>
    </descriptors>
  </operation>

<!--artificial operations-->

<!--notifications -->

</mbean>
