<?xml version="1.0" encoding="UTF-8"?>
<!DOCTYPE mbean PUBLIC "-//JBoss//DTD JBOSS XMBEAN 1.0//EN" "http://www.jboss.org/j2ee/dtd/jboss_xmbean_1_0.dtd">

<mbean>
  <descriptors>
    <persistence/>
  </descriptors>
  <class>org.jacorb.notification.servant.SupplierAdminImpl</class>

  <!--attributes-->
  <attribute access="read-only" getMethod="getID">

    <description>TODO</description>
    <name>ID</name>
    <type>java.lang.Integer</type>
    <descriptors>
      <persistence/>
      <currencyTimeLimit value="2147483647"/>

    </descriptors>
  </attribute>
  <attribute access="read-only" getMethod="getInterFilterGroupOperator">

    <description>TODO</description>
    <name>InterFilterGroupOperator</name>
    <type>java.lang.String</type>
    <descriptors>
      <persistence/>
      <currencyTimeLimit value="2147483647"/>

    </descriptors>
  </attribute>

<!--artificial attributes-->

<!--operations -->
  <operation impact="ACTION">
    <description>Destroy this Admin</description>
    <name>destroy</name>
    <return-type>void</return-type>
    <descriptors>
    </descriptors>
  </operation>

<!--artificial operations-->

<!--notifications -->

</mbean>
