<?xml version="1.0" encoding="UTF-8"?>
<!DOCTYPE mbean PUBLIC "-//JBoss//DTD JBOSS XMBEAN 1.0//EN" "http://www.jboss.org/j2ee/dtd/jboss_xmbean_1_0.dtd">

<mbean>
  <descriptors>
    <persistence persistPolicy="OnUpdate"
                 persistPeriod="10"
                 persistLocation="${jboss.server.data.dir}"
                 persistName="COSNotification.ser"/>
    <state-action-on-update value="keep-running"/>
    <persistence-manager value="org.jboss.mx.persistence.ObjectStreamPersistenceManager"/>
  </descriptors>
  <class>org.jacorb.notification.jmx.jboss.JBossCOSNotificationService</class>

  <!--attributes-->
  <attribute access="read-only" getMethod="getName">

    <description>(no description)</description>
    <name>Name</name>
    <type>java.lang.String</type>
    <descriptors>
      <persistence/>

    </descriptors>
  </attribute>
  <attribute access="read-only" getMethod="getState">

    <description>(no description)</description>
    <name>State</name>
    <type>int</type>
    <descriptors>
      <persistence/>

    </descriptors>
  </attribute>
  <attribute access="read-only" getMethod="getStateString">

    <description>(no description)</description>
    <name>StateString</name>
    <type>java.lang.String</type>
    <descriptors>
      <persistence/>

    </descriptors>
  </attribute>
  <attribute access="read-write" getMethod="getCOSNamingEntry" setMethod="setCOSNamingEntry">

    <description>NameService Entry (Optional)</description>
    <name>COSNamingEntry</name>
    <type>java.lang.String</type>
    <descriptors>
      <persistence/>

    </descriptors>
  </attribute>
  <attribute access="read-only" getMethod="getCorbaloc">

    <description>Corbaloc to access the EventChannelFactory</description>
    <name>Corbaloc</name>
    <type>java.lang.String</type>
    <descriptors>
      <persistence/>

    </descriptors>
  </attribute>
  <attribute access="read-only" getMethod="getIOR">

    <description>IOR to access the EventChannelFactory</description>
    <name>IOR</name>
    <type>java.lang.String</type>
    <descriptors>
      <persistence/>

    </descriptors>
  </attribute>
  <attribute access="read-write" getMethod="getIORFile" setMethod="setIORFile">

    <description>Filename the IOR should be written to</description>
    <name>IORFile</name>
    <type>java.lang.String</type>
    <descriptors>
      <persistence/>

    </descriptors>
  </attribute>
  <attribute access="read-write" getMethod="getAdditionalArguments" setMethod="setAdditionalArguments">

    <description>Additional startup arguments. Setting these on an already running service will have no effect!</description>
    <name>AdditionalArguments</name>
    <type>java.lang.String</type>
    <descriptors>
      <persistence/>

    </descriptors>
  </attribute>

<!--artificial attributes-->

<!--operations -->
  <operation impact="ACTION">
    <description>create the service, do expensive operations etc</description>
    <name>create</name>
    <return-type>void</return-type>
    <descriptors>
    </descriptors>
  </operation>
  <operation impact="ACTION">
    <description>start the service, create is already called</description>
    <name>start</name>
    <return-type>void</return-type>
    <descriptors>
    </descriptors>
  </operation>
  <operation impact="ACTION">
    <description>stop the service</description>
    <name>stop</name>
    <return-type>void</return-type>
    <descriptors>
    </descriptors>
  </operation>
  <operation impact="ACTION">
    <description>destroy the service, tear down</description>
    <name>destroy</name>
    <return-type>void</return-type>
    <descriptors>
    </descriptors>
  </operation>
  <operation impact="ACTION">
    <description>create a new channel</description>
    <name>createChannel</name>
    <return-type>java.lang.String</return-type>
    <descriptors>
    </descriptors>
  </operation>

<!--artificial operations-->

<!--notifications -->

</mbean>
