<?xml version="1.0" encoding="UTF-8"?>
<!DOCTYPE mbean PUBLIC "-//JBoss//DTD JBOSS XMBEAN 1.0//EN" "http://www.jboss.org/j2ee/dtd/jboss_xmbean_1_0.dtd">

<mbean>
  <descriptors>
    <persistence/>
  </descriptors>
  <class>org.jacorb.notification.AbstractEventChannel</class>

  <!--attributes-->
  <attribute access="read-write" getMethod="getMaxNumberOfSuppliers" setMethod="setMaxNumberOfSuppliers">

    <description>maximum number of suppliers that are allowed at a time</description>
    <name>MaxNumberOfSuppliers</name>
    <type>int</type>
    <descriptors>
      <persistence/>

    </descriptors>
  </attribute>
  <attribute access="read-write" getMethod="getMaxNumberOfConsumers" setMethod="setMaxNumberOfConsumers">

    <description>maximum number of consumers that are allowed at a time</description>
    <name>MaxNumberOfConsumers</name>
    <type>int</type>
    <descriptors>
      <persistence/>

    </descriptors>
  </attribute>
  <attribute access="read-only" getMethod="getID">

    <description>ID that identifies this EventChannel</description>
    <name>ID</name>
    <type>int</type>
    <descriptors>
      <persistence/>
      <currencyTimeLimit value="2147483647"/>

    </descriptors>
  </attribute>

<!--artificial attributes-->

<!--operations -->
  <operation impact="ACTION">
    <description>Destroy this Channel</description>
    <name>destroy</name>
    <return-type>void</return-type>
    <descriptors>
    </descriptors>
  </operation>

<!--artificial operations-->

<!--notifications -->

</mbean>
