<?xml version="1.0" encoding="UTF-8"?>
<!DOCTYPE mbean PUBLIC "-//JBoss//DTD JBOSS XMBEAN 1.0//EN" "http://www.jboss.org/j2ee/dtd/jboss_xmbean_1_0.dtd">

<mbean>
  <descriptors>
    <persistence/>
  </descriptors>
  <class>org.jacorb.notification.engine.DefaultTaskProcessor</class>

  <!--attributes-->
  <attribute access="read-only" getMethod="getFilterWorkerPoolSize">

    <description>FilterPoolWorkers are used to invoke the Filters attached to Proxies and Admins</description>
    <name>FilterWorkerPoolSize</name>
    <type>int</type>
    <descriptors>
      <persistence/>

    </descriptors>
  </attribute>
  <attribute access="read-only" getMethod="getPullWorkerPoolSize">

    <description>PullWorkers are used to invoke try_pull on PushSupplier-Clients</description>
    <name>PullWorkerPoolSize</name>
    <type>int</type>
    <descriptors>
      <persistence/>

    </descriptors>
  </attribute>

<!--artificial attributes-->

<!--operations -->

<!--artificial operations-->

<!--notifications -->

</mbean>
